﻿视频名称,实际时长(秒),实际时长
新型冠状病毒的防护常识,1774,29分钟34秒
食品安全教育,1072,17分钟52秒
商品价格处理,1844,30分钟44秒
商品销售服务技巧,2595,43分钟15秒
咨询服务形式、内容、要求,1787,29分钟47秒
消费心理学,2404,40分钟4秒
商业企业相关的商标法知识,1514,25分钟14秒
商品的验收,1323,22分钟3秒
商品盘点作业,2305,38分钟25秒
商品陈列中的品类化管理,756,12分钟36秒
商品经营理念,2044,34分钟4秒
商品促销策略,2209,36分钟49秒
消防知识宣传之商场市场,1984,33分钟4秒
诚信制度与职业道德,573,9分钟33秒
感恩心态（上）,1664,27分钟44秒
感恩心态（下）,1346,22分钟26秒
共赢心态（上）,1408,23分钟28秒
共赢心态（下）,1722,28分钟42秒
积极心态（上）,1762,29分钟22秒
积极心态（下）,1523,25分钟23秒
积极心态与职业素养,7036,1小时57分钟16秒
老板心态（上）,1798,29分钟58秒
老板心态（下）,1369,22分钟49秒
如何不断提高学习能力（1）,773,12分钟53秒
如何不断提高学习能力（2）,686,11分钟26秒
如何了解个人职业天赋（1）,715,11分钟55秒
如何了解个人职业天赋（2）,5864,1小时37分钟44秒
如何提高个人“软实力”（1）,1361,22分钟41秒
如何提高个人“软实力”（2）,2049,34分钟9秒
如何提高个人“软实力”（3）,1185,19分钟45秒
如何提高个人“软实力”（4）,1361,22分钟41秒
以客户为中心的职业素养,10390,2小时53分钟10秒
阳光心态(上),1142,19分钟2秒
阳光心态(下),2081,34分钟41秒
《安全生产法》,878,14分钟38秒
新《安全生产法》十大亮点,916,15分钟16秒
2019年全国“安全生产月”,1831,30分钟31秒
安全生产月防溺水警示教育片,3229,53分钟49秒
安全生产月专项工作作风培训,8232,2小时17分钟12秒
安全生产：震动人心的企业安全生产警示教育片，一失万无,1438,23分钟58秒
安全生产工伤事故免疫视频,2022,33分钟42秒
安全生产警示教育视频《如果》,484,8分钟4秒
安全生产警示教育视频,1271,21分钟11秒
安全生产视频学习,1022,17分钟2秒
安全生产标准化专题讲座,5102,1小时25分钟2秒
安全生产事故警示视频,2529,42分钟9秒
"佛山安全生产警示片 《人祸》",700,11分钟40秒
生死之间（安全生产微电影）,823,13分钟43秒
"警钟长鸣 国内各年度生产安全事故警示片",1522,25分钟22秒
安全生产系列视频,3585,59分钟45秒
扫黑除恶知识讲座,3126,52分钟6秒
工匠精神和质量意识,1217,20分钟17秒
央视CCTV发现之旅《工匠精神》——火星人的秘密,900,15分钟0秒
央视CCTV工匠精神纪录片《鹿守光：真金品质金彭制造》,870,14分钟30秒
中国需要工匠精神吗？,1691,28分钟11秒
李万君接受工匠精神颁奖,5388,1小时29分钟48秒
商务礼仪基础概述,1514,25分钟14秒
商务礼仪教育,3785,1小时3分钟5秒
商务礼仪系列课程——【沟通礼仪】,3152,52分钟32秒
网络营销公开课,10118,2小时48分钟38秒
社交礼仪（一）,1570,26分钟10秒
社交礼仪（二）,2168,36分钟8秒
商务礼仪细节,5329,1小时28分钟49秒
如何做好客户服务,1964,32分钟44秒
客户服务标准,1196,19分钟56秒
网络营销是什么,1102,18分钟22秒
网络营销概念,1205,20分钟5秒
网络营销工具,1743,29分钟3秒
网络营销工具的力量,3909,1小时5分钟9秒
如何15分钟搭建自己的网站？,1893,31分钟33秒
网络营销运营基础,3261,54分钟21秒
网络运营新玩法,1945,32分钟25秒
如何通过网络营销卖产品,1890,31分钟30秒
电子商务基础知识,3636,1小时36秒
电商业务知识培训,4754,1小时19分钟14秒
法律知识讲座,5750,1小时35分钟50秒
民生法律常识视频,7313,2小时1分钟53秒
志愿者法律常识,5376,1小时29分钟36秒
法律知识介绍,594,9分钟54秒
法律知识解读,1800,30分钟0秒
法律知识小课堂,552,9分钟12秒
法律知识小视频,1016,16分钟56秒
法律知识学习,1105,18分钟25秒
普及法律知识,1830,30分钟30秒
法律知识安全教育,1850,30分钟50秒
常识速记口诀88条法律常识,1219,20分钟19秒
法律知识问答,679,11分钟19秒
微电影《心迷》,898,14分钟58秒
从“婉拒”“笑纳”到索取,1200,20分钟0秒
廉政教育短片《尺度》,3912,1小时5分钟12秒
顾客服务管理,1664,27分钟44秒
客户圈与服务管理,4567,1小时16分钟7秒
"卓越的客户服务 -管理",3570,59分钟30秒
客户服务管理怎么做？,3131,52分钟11秒
总时长,224355,2天14小时19分钟15秒
