﻿视频名称,实际时长(秒),实际时长
湖南明和光电有限公司电工中级培训直播课堂（一）,9000,2小时30分钟0秒
湖南明和光电有限公司电工中级培训直播课堂（二）,9000,2小时30分钟0秒
湖南明和光电有限公司电工中级培训直播课堂（三）,10800,3小时0秒
湖南明和光电有限公司电工中级培训直播课堂（四）,7200,2小时0秒
湖南明和光电有限公司电工中级培训直播课堂（五）,7200,2小时0秒
湖南明和光电有限公司电工中级培训直播课堂（六）,7200,2小时0秒
湖南明和光电有限公司电工中级培训直播课堂（七）,7200,2小时0秒
湖南明和光电有限公司电工中级培训直播课堂（八）,7200,2小时0秒
湖南明和光电有限公司电工中级培训直播课堂（九）,7200,2小时0秒
新型冠状病毒的防护常识,1774,29分钟34秒
食品安全教育,1072,17分钟52秒
电工安全教育,2642,44分钟2秒
企业用电安全教育,1588,26分钟28秒
电工标准操作（1）,4960,1小时22分钟40秒
电工标准操作（2）,4949,1小时22分钟29秒
电工标准操作（3）,4947,1小时22分钟27秒
消防知识宣传之企业工厂,2536,42分钟16秒
总时长,96468,1天2小时47分钟48秒
