﻿视频名称,实际时长(秒),实际时长
长沙县焊工中级培训直播课堂（一）,7200,2小时0秒
长沙县焊工中级培训直播课堂（二）,7200,2小时0秒
长沙县焊工中级培训直播课堂（三）,7200,2小时0秒
长沙县焊工中级培训直播课堂（四）,7200,2小时0秒
长沙县焊工中级培训直播课堂（五）,7200,2小时0秒
长沙县焊工中级培训直播课堂（六）,7200,2小时0秒
长沙县焊工中级培训直播课堂（七）,7200,2小时0秒
长沙县焊工中级培训直播课堂（八）,7200,2小时0秒
新型冠状病毒的防护常识,1774,29分钟34秒
食品安全教育,1072,17分钟52秒
消防知识宣传之企业工厂,2536,42分钟16秒
焊接方法简述,1319,21分钟59秒
焊接电弧物理基础及其构造,2406,40分钟6秒
焊接电弧的特点及其影响因素,2510,41分钟50秒
焊丝加热熔化及熔滴特性.,2450,40分钟50秒
焊缝成形工艺原理及缺陷,2003,33分钟23秒
埋弧焊原理及焊接材料,1674,27分钟54秒
埋弧焊设备、工艺及其他方法,2058,34分钟18秒
TIG焊原理、设备及焊接材料,1742,29分钟2秒
TIG焊工艺及其他方法,772,12分钟52秒
熔化极氩弧焊设备概述及其他方法,3148,52分钟28秒
焊条电弧焊概述,608,10分钟8秒
焊条及电弧焊基础知识,1288,21分钟28秒
材料熔化、焊缝成形及电弧焊工艺制定,1924,32分钟4秒
焊接变形、缺陷及检验,1555,25分钟55秒
焊前准备及焊条电弧焊基础操作,1392,23分钟12秒
T型接头焊种类,2102,35分钟2秒
板对接焊双面成形,2230,37分钟10秒
管对接焊,2359,39分钟19秒
插入式与管板式焊,2249,37分钟29秒
典型组合件的装配与焊接,1246,20分钟46秒
"1.6 6mm低碳钢v型坡口平对接焊接",3204,53分钟24秒
总时长,103221,1天4小时40分钟21秒
