﻿视频名称,实际时长(秒),实际时长
长沙县电工中级培训直播课堂（一）,7200,2小时0秒
长沙县电工中级培训直播课堂（二）,7200,2小时0秒
长沙县电工中级培训直播课堂（三）,7200,2小时0秒
长沙县电工中级培训直播课堂（四）,7200,2小时0秒
长沙县电工中级培训直播课堂（五）,7200,2小时0秒
长沙县电工中级培训直播课堂（六）,7200,2小时0秒
长沙县电工中级培训直播课堂（七）,7200,2小时0秒
长沙县电工中级培训直播课堂（八）,7200,2小时0秒
新型冠状病毒的防护常识,1774,29分钟34秒
食品安全教育,1072,17分钟52秒
电工安全教育,2642,44分钟2秒
企业用电安全教育,1588,26分钟28秒
电工标准操作（1）,4960,1小时22分钟40秒
电工标准操作（2）,4949,1小时22分钟29秒
电工标准操作（3）,4947,1小时22分钟27秒
电工标准操作（4）,4754,1小时19分钟14秒
常见的低压元气件及原理,4234,1小时10分钟34秒
消防知识宣传之企业工厂,2536,42分钟16秒
用电安全基本知识,2538,42分钟18秒
电工电子技术（1）,2280,38分钟0秒
电工电子技术（2）,2596,43分钟16秒
电工电子技术（3）,2007,33分钟27秒
电工电子技术（4）,2389,39分钟49秒
总时长,102866,1天4小时34分钟26秒
