﻿视频名称,实际时长(秒),实际时长
开福区商品营业员003期培训直播课堂（一）,7200,2小时0秒
开福区商品营业员003期培训直播课堂（二）,7200,2小时0秒
开福区商品营业员003期培训直播课堂（三）,7200,2小时0秒
开福区商品营业员003期培训直播课堂（四）,7200,2小时0秒
新型冠状病毒的防护常识,1774,29分钟34秒
食品安全教育,1072,17分钟52秒
商品价格处理,1844,30分钟44秒
商品销售服务技巧,2595,43分钟15秒
咨询服务形式、内容、要求,1787,29分钟47秒
消费心理学,2404,40分钟4秒
商业企业相关的商标法知识,1514,25分钟14秒
商品的验收,1323,22分钟3秒
商品盘点作业,2305,38分钟25秒
商品陈列中的品类化管理,756,12分钟36秒
商品经营理念,2044,34分钟4秒
商品促销策略,2209,36分钟49秒
人民币防伪知识,2088,34分钟48秒
POS收银机的操作规程,2467,41分钟7秒
消防知识宣传之商场市场,1984,33分钟4秒
网络营销公开课,10118,2小时48分钟38秒
怎样做好网络营销,3702,1小时1分钟42秒
电商基础知识,3139,52分钟19秒
总时长,73925,20小时32分钟5秒
