﻿视频名称,实际时长(秒),实际时长
岳麓区005期电工初级培训直播课堂（一）,7200,2小时0秒
岳麓区005期电工初级培训直播课堂（二）,7200,2小时0秒
岳麓区005期电工初级培训直播课堂（三）,7200,2小时0秒
岳麓区005期电工初级培训直播课堂（四）,7200,2小时0秒
岳麓区005期电工初级培训直播课堂（五）,7200,2小时0秒
岳麓区005期电工初级培训直播课堂（六）,7200,2小时0秒
新型冠状病毒的防护常识,1774,29分钟34秒
食品安全教育,1072,17分钟52秒
电工安全教育,2642,44分钟2秒
企业用电安全教育,1588,26分钟28秒
建筑工地用电安全教育,1214,20分钟14秒
电工标准操作（1）,4960,1小时22分钟40秒
电工标准操作（2）,4949,1小时22分钟29秒
电工标准操作（3）,4947,1小时22分钟27秒
电工标准操作（4）,4754,1小时19分钟14秒
消防知识之高层建筑,2608,43分钟28秒
总时长,73708,20小时28分钟28秒
