﻿视频名称,实际时长(秒),实际时长
岳麓区电工初级培训004期直播课堂（一）,10800,3小时0秒
岳麓区电工初级培训004期直播课堂（二）,10800,3小时0秒
岳麓区电工初级培训004期直播课堂（三）,10800,3小时0秒
岳麓区电工初级培训004期直播课堂（四）,10800,3小时0秒
岳麓区电工初级培训004期直播课堂（五）,10800,3小时0秒
岳麓区电工初级培训004期直播课堂（六）,10800,3小时0秒
新型冠状病毒的防护常识,1774,29分钟34秒
食品安全教育,1072,17分钟52秒
电工安全教育,2642,44分钟2秒
企业用电安全教育,1588,26分钟28秒
建筑工地用电安全教育,1214,20分钟14秒
电工标准操作（1）,4960,1小时22分钟40秒
电工标准操作（2）,4949,1小时22分钟29秒
电工标准操作（3）,4947,1小时22分钟27秒
电工标准操作（4）,4754,1小时19分钟14秒
消防知识之高层建筑,2608,43分钟28秒
总时长,95308,1天2小时28分钟28秒
