﻿视频名称,实际时长(秒),实际时长
开福区001期、002期电工初级培训直播课堂（一）,9000,2小时30分钟0秒
开福区001期、002期电工初级培训直播课堂（二）,9000,2小时30分钟0秒
开福区001期、002期电工初级培训直播课堂（三）,9000,2小时30分钟0秒
开福区001期、002期电工初级培训直播课堂（四）,9000,2小时30分钟0秒
开福区001期、002期电工初级培训直播课堂（五）,9000,2小时30分钟0秒
开福区001期、002期电工初级培训直播课堂（六）,9000,2小时30分钟0秒
电工基础知识,3079,51分钟19秒
电路理论及分析方法,3098,51分钟38秒
职业介绍和交流电路的基础知识,2805,46分钟45秒
电路的基本概念与定律,3528,58分钟48秒
直流电路介绍,3064,51分钟4秒
交流电路,3160,52分钟40秒
交流电动机与变压器,2997,49分钟57秒
电力变压器和常用电机的识别,2325,38分钟45秒
低压用电器的定义与用途分类,3042,50分钟42秒
三极管的基本内容和稳压电路的原理,2071,34分钟31秒
稳压电路的原理和常用电工仪器使用,3083,51分钟23秒
触电急救和接地知识,3091,51分钟31秒
防雷和防静电和电气,3024,50分钟24秒
电路的分析方法,2171,36分钟11秒
电路的暂态分析,2920,48分钟40秒
单相正弦交流电路(上),3352,55分钟52秒
单相正弦交流电路(下),1953,32分钟33秒
三相正弦交流电路,2827,47分钟7秒
半导体器件,3054,50分钟54秒
基本放大电路,3162,52分钟42秒
成运算放大电路,3562,59分钟22秒
现场文明生产和相关法律法规,3095,51分钟35秒
常用电工仪表和电线、电缆,3258,54分钟18秒
总时长,121721,1天9小时48分钟41秒
