﻿视频名称,实际时长(秒),实际时长
物业管理员03、04期直播课堂（一）,10800,3小时0秒
物业管理员03、04期直播课堂（二）,10800,3小时0秒
物业管理员03、04期直播课堂（三）,10800,3小时0秒
物业管理的概念,2055,34分钟15秒
我国物业管理的产生与发展,2081,34分钟41秒
我国物业管理制度建设的历史沿革,1740,29分钟0秒
物业管理条例,3203,53分钟23秒
新型冠状病毒的防护常识,1774,29分钟34秒
食品安全教育,1072,17分钟52秒
消防知识宣传影片之高层建筑,2608,43分钟28秒
总时长,46933,13小时2分钟13秒
