﻿视频名称,实际时长(秒),实际时长
物业管理员培训11、12期直播课堂（一）,7200,2小时0秒
物业管理员培训11、12期直播课堂（二）,7200,2小时0秒
物业管理员培训11、12期直播课堂（三）,7200,2小时0秒
物业管理的概念,2055,34分钟15秒
新型冠状病毒的防护常识,1774,29分钟34秒
食品安全教育,1072,17分钟52秒
消防知识宣传影片之高层建筑,2608,43分钟28秒
物业管理条例,2795,46分钟35秒
《物权法》关于“业主的建筑物区分所有权”的规定,2848,47分钟28秒
物业管理服务的特点,5513,1小时31分钟53秒
物业服务收费,3794,1小时3分钟14秒
物业使用与维护,1315,21分钟55秒
物业服务企业,2546,42分钟26秒
物业服务合同,2274,37分钟54秒
总时长,50194,13小时56分钟34秒
