﻿视频名称,实际时长(秒),实际时长
电子商务直播课堂（一）,10800,3小时0秒
电子商务直播课堂（二）,10800,3小时0秒
电子商务直播课堂（三）,9000,2小时30分钟0秒
电子商务直播课堂（四）,7200,2小时0秒
电子商务直播课堂（五）,7200,2小时0秒
电子商务直播课堂（六）,7200,2小时0秒
电子商务直播课堂（七）,7200,2小时0秒
新型冠状病毒的防护常识,1774,29分钟34秒
食品安全教育,1072,17分钟52秒
消防知识宣传之学校,2098,34分钟58秒
电子商务应用的基本类型,872,14分钟32秒
电子商务的价值链分析,2150,35分钟50秒
电子商务技术基础概述,1519,25分钟19秒
总时长,68885,19小时8分钟5秒
