﻿视频名称,实际时长(秒),实际时长
开福区001期、002期电子商务直播课堂（一）,7200,2小时0秒
开福区001期、002期电子商务直播课堂（二）,7200,2小时0秒
开福区001期、002期电子商务直播课堂（三）,7200,2小时0秒
开福区001期、002期电子商务直播课堂（四）,7200,2小时0秒
电子商务应用的基本类型,872,14分钟32秒
电子商务的价值链分析,2150,35分钟50秒
电子商务技术基础概述,1519,25分钟19秒
什么是电子商务,4452,1小时14分钟12秒
电子商务网络基础设施,1917,31分钟57秒
电子商务信息传递的技术基础,2986,49分钟46秒
电子商务信息表达的技术基础,1445,24分钟5秒
电子商务安全概述,3078,51分钟18秒
电子商务安全的主要内容,914,15分钟14秒
电子商务的盈利模式,4382,1小时13分钟2秒
网络营销概述,3092,51分钟32秒
电子商务网站开发与建设,2572,42分钟52秒
B2C电子商务市场的发展状况,880,14分钟40秒
企业间的电子商务,2178,36分钟18秒
电子商务支付概述,2512,41分钟52秒
电子商务支付工具,944,15分钟44秒
微商,2853,47分钟33秒
o2o电商运营技巧,1861,31分钟1秒
新媒体营销思维和微信营销,2028,33分钟48秒
微信营销,1899,31分钟39秒
总时长,73334,20小时22分钟14秒
