﻿视频名称,实际时长(秒),实际时长
红星美凯龙商品营业员培训直播课堂（一）,7200,2小时0秒
红星美凯龙商品营业员培训直播课堂（二）,7200,2小时0秒
红星美凯龙商品营业员培训直播课堂（三）,7200,2小时0秒
红星美凯龙商品营业员培训直播课堂（四）,7200,2小时0秒
新型冠状病毒的防护常识,1774,29分钟34秒
食品安全教育,1072,17分钟52秒
消防知识宣传之商场市场,1984,33分钟4秒
人员形象杀伤力,2707,45分钟7秒
店面展示杀伤力,2671,44分钟31秒
客户分析杀伤力,3293,54分钟53秒
销售人员行为杀伤力,3057,50分钟57秒
销售人员的语言杀伤力,3148,52分钟28秒
销售人员的促成杀伤力,3374,56分钟14秒
排除顾客异议杀伤力,3517,58分钟37秒
提高长期销售杀伤力,2433,40分钟33秒
品牌战力武装杀伤力,2708,45分钟8秒
品牌核心价值杀伤力,2750,45分钟50秒
品牌外在表现杀伤力,2916,48分钟36秒
品牌杀伤力的终端体现,2411,40分钟11秒
总时长,68615,19小时3分钟35秒
