﻿视频名称,实际时长(秒),实际时长
茶艺师初级培训003期直播课堂（一）,7200,2小时0秒
茶艺师初级培训003期直播课堂（二）,7200,2小时0秒
茶艺师初级培训003期直播课堂（三）,7200,2小时0秒
茶艺师初级培训003期直播课堂（四）,7200,2小时0秒
新型冠状病毒的防护常识,1774,29分钟34秒
食品安全教育,1072,17分钟52秒
消防知识宣传影片之高层建筑,2608,43分钟28秒
茶叶的细分,1402,23分钟22秒
茶的类型（一）,1544,25分钟44秒
茶的类型（二）,1431,23分钟51秒
各种茶叶的特色与识别（一）,1633,27分钟13秒
各种茶叶的特色与识别（二）,1420,23分钟40秒
各种茶叶的特色与识别（三）,1560,26分钟0秒
冲泡技巧,1540,25分钟40秒
不同茶类的冲泡方法,1624,27分钟4秒
茶叶储藏保管知识,1457,24分钟17秒
茶汤的品饮方法,1479,24分钟39秒
茶艺师职业道德,1473,24分钟33秒
茶艺礼仪（一）,1592,26分钟32秒
茶艺礼仪（二）,1503,25分钟3秒
茶文化基础知识（一）,1818,30分钟18秒
茶文化基础知识（二）,1605,26分钟45秒
茶树基本知识,1535,25分钟35秒
茶叶种类,1625,27分钟5秒
总时长,60495,16小时48分钟15秒
