﻿视频名称,实际时长(秒),实际时长
茶艺师初级培训002期直播课堂（一）,10800,3小时0秒
茶艺师初级培训002期直播课堂（二）,10800,3小时0秒
茶艺师初级培训002期直播课堂（三）,10800,3小时0秒
新型冠状病毒的防护常识,1774,29分钟34秒
食品安全教育,1072,17分钟52秒
消防知识宣传之高层建筑,2608,43分钟28秒
"茶叶初识 一片茶叶的故事",388,6分钟28秒
茶艺礼仪与流程,3585,59分钟45秒
茶叶的细分,1402,23分钟22秒
茶的类型（一）,1544,25分钟44秒
茶的类型（二）,1431,23分钟51秒
各种茶叶的特色与识别（一）,1633,27分钟13秒
各种茶叶的特色与识别（二）,1420,23分钟40秒
各种茶叶的特色与识别（三）,1560,26分钟0秒
冲泡技巧,1540,25分钟40秒
不同茶类的冲泡方法,1624,27分钟4秒
茶叶储藏保管知识,1457,24分钟17秒
茶汤的品饮方法,1479,24分钟39秒
总时长,56917,15小时48分钟37秒
